ID,phone_number,email,biography
1e0d7a8b-6b7e-4c1a-9d3f-2a5b6c7e8f9a,+1-555-123-4567,john.smith@example.com,John Smith is a celebrated author known for his crime thrillers and captivating storytelling.
2f1c3d4e-5g6h-7i8j-9k0l-1m2n3o4p5q6r,+1-555-234-5678,jane.doe@example.com,Jane Doe writes heartwarming romance novels and is a frequent guest at literary festivals.
3a4b5c6d-7e8f-9g0h-1i2j-3k4l5m6n7o8p,+1-555-345-6789,robert.brown@example.com,Robert Brown specializes in science fiction and is known for his imaginative world-building.
4f5e6d7c-8b9a-0d1e-2c3f-4g5h6i7j8k9l,+1-555-456-7890,emily.clark@example.com,Emily Clark has published several award-winning historical fiction novels.
5k6l7m8n-9o0p-1q2r-3s4t-5u6v7w8x9y0z,+1-555-567-8901,sarah.wilson@example.com,Sarah Wilson is a renowned author known for her work in contemporary literature and drama.
6m7n8o9p-0q1r-2s3t-4u5v-6w7x8y9z0a1b,+1-555-678-9012,michael.scott@example.com,Michael Scott writes thought-provoking essays on social issues and human nature.
7h8i9j0k-1l2m-3n4o-5p6q-7r8s9t0u1v2w,+1-555-789-0123,linda.thompson@example.com,Linda Thompson is a best-selling author known for her mystery and detective novels.
8d9e0f1g-2h3i-4j5k-6l7m-8n9o0p1q2r3s,+1-555-890-1234,james.taylor@example.com,James Taylor writes literary fiction and is recognized for his rich character development.
9p1q2r3s-4t5u-6v7w-8x9y-0a1b2c3d4e5f,+1-555-901-2345,charlotte.green@example.com,Charlotte Green is a popular children's book author and advocate for literacy programs.
0e1f2g3h-4i5j-6k7l-8m9n-0o1p2q3r4s5t,+1-555-012-3456,mark.johnson@example.com,Mark Johnson is known for his thrilling adventure novels and compelling narratives.
1l2m3n4o-5p6q-7r8s-9t0u-1v2w3x4y5z6a,+1-555-123-5678,rachel.lee@example.com,Rachel Lee writes compelling contemporary fiction with a focus on strong characters.
2f3g4h5i-6j7k-8l9m-0n1o-2p3q4r5s6t7u,+1-555-234-6789,thomas.brown@example.com,Thomas Brown is known for his gripping mystery novels and suspenseful plots.
3s4t5u6v-7w8x-9y0z-1a2b-3c4d5e6f7g8h,+1-555-345-7890,alice.cooper@example.com,Alice Cooper writes best-selling horror novels that captivate audiences.
4q5r6s7t-8u9v-0w1x-2y3z-4a5b6c7d8e9f,+1-555-456-8901,christopher.white@example.com,Christopher White is a renowned poet with a unique approach to modern themes.
5u6v7w8x-9y0z-1a2b-3c4d-5e6f7g8h9i0j,+1-555-567-9012,lucy.adams@example.com,Lucy Adams writes self-help books that inspire readers to achieve their best.
6v7w8x9y-0a1b-2c3d-4e5f-6g7h8i9j0k1l,+1-555-678-0123,daniel.green@example.com,Daniel Green writes historical fiction and is an expert in various historical periods.
7p8q9r0s-1t2u-3v4w-5x6y-7z8a9b0c1d2e,+1-555-789-1234,grace.parker@example.com,Grace Parker writes memoirs and has a unique perspective on life.
8s9t0u1v-2w3x-4y5z-6a7b-8c9d0e1f2g3h,+1-555-890-2345,oliver.davis@example.com,Oliver Davis is a respected author who writes about science and technology.
9r0s1t2u-3v4w-5x6y-7z8a-9b0c1d2e3f4g,+1-555-901-3456,stephanie.brown@example.com,Stephanie Brown is known for her engaging travelogues and exploration stories.
0v1w2x3y-4z5a-6b7c-8d9e-0f1g2h3i4j5k,+1-555-012-4567,paul.williams@example.com,Paul Williams is a literary critic and a frequent contributor to literary magazines.
1r2s3t4u-5v6w-7x8y-9z0a-1b2c3d4e5f6g,+1-555-123-6789,karen.johnson@example.com,Karen Johnson writes thought-provoking contemporary fiction.
2t3u4v5w-6x7y-8z9a-0b1c-2d3e4f5g6h7i,+1-555-234-7890,david.brown@example.com,David Brown is known for his spiritual books and teachings.
3w4x5y6z-7a8b-9c0d-1e2f-3g4h5i6j7k8l,+1-555-345-8901,barbara.clark@example.com,Barbara Clark writes biographies and is recognized for her meticulous research.
4s5t6u7v-8w9x-0y1z-2a3b-4c5d6e7f8g9h,+1-555-456-9012,matthew.scott@example.com,Matthew Scott is a rising author known for his young adult novels.
5x6y7z8a-0b1c-2d3e-4f5g-6h7i8j9k0l1m,+1-555-567-0123,susan.lee@example.com,Susan Lee writes romance novels and has a significant following.
6z7a8b9c-1d2e-3f4g-5h6i-7j8k9l0m1n2o,+1-555-678-1234,steven.taylor@example.com,Steven Taylor is a well-known author specializing in historical biographies.
7y8z9a0b-1c2d-3e4f-5g6h-7i8j9k0l1m2n,+1-555-789-2345,rachel.johnson@example.com,Rachel Johnson is an author and playwright with notable works in drama.
